[
  {
    "index": 0,
    "timestamp": "2025-05-01T03:45:48.659547",
    "data": {
      "message": "Genesis Block"
    },
    "previous_hash": "0",
    "hash": "cd6d56b690cea9bac327ccb8b4462ac0e3fa2b8e0b86af9e68e3576a5d3771d7"
  },
  {
    "index": 1,
    "timestamp": "2025-05-01T04:35:33.997636",
    "data": {
      "type": "registration",
      "name": "rabab ",
      "national_id": "L23456",
      "phone": "0706393016",
      "birth_date": "2003-06-12",
      "profession": "doctor",
      "user_id": "095ef61c-94c3-4d18-a75e-4d4ef0ef6948"
    },
    "previous_hash": "cd6d56b690cea9bac327ccb8b4462ac0e3fa2b8e0b86af9e68e3576a5d3771d7",
    "hash": "b2b48556a37685370efb8cdc4f79645dbbcc4b64b43b316730b2c49b4a8a5231"
  },
  {
    "index": 2,
    "timestamp": "2025-05-01T04:36:48.302169",
    "data": {
      "type": "registration",
      "name": "rabab ",
      "national_id": "L2345\u00e8",
      "phone": "0706393010",
      "birth_date": "2003-06-12",
      "profession": "doctor",
      "user_id": "dafe7fdb-2047-4886-b069-8b1e2d3bcc61"
    },
    "previous_hash": "b2b48556a37685370efb8cdc4f79645dbbcc4b64b43b316730b2c49b4a8a5231",
    "hash": "ab0bd0081b76a61d46f65922d39fbef1b714e30c01586a797d4cb837c7f4f9a5"
  },
  {
    "index": 3,
    "timestamp": "2025-05-01T04:59:27.169062",
    "data": {
      "type": "registration",
      "name": "rabab ",
      "national_id": "L23454",
      "phone": "0706393010",
      "birth_date": "2025-04-29",
      "profession": "doctor",
      "user_id": "41e09963-4a13-4ae8-9162-8b7066d248b3"
    },
    "previous_hash": "ab0bd0081b76a61d46f65922d39fbef1b714e30c01586a797d4cb837c7f4f9a5",
    "hash": "9a79b799e3b6dc9d6be9e4e46368c275588a8503040051004088f8b55748d7bd"
  }
]